iter,total_num_steps,fps,entropy,value_loss,action_loss,mean_rew,median_rew,min_rew,max_rew
1,50000,578,2.5659984201192856,2.118702983142187,0.004813193290436857,19.3071025,19.3071025,17.638092,20.976113
2,100000,577,2.5659984201192856,0.6856003305253883,-0.025590696970963715,17.1783605,17.1783605,16.671929,17.684792
3,150000,577,2.5659984201192856,0.8363264055301746,-0.04037919189840977,19.59032,19.59032,15.875792,23.304848
4,200000,577,2.5659984201192856,1.1726250525563955,-0.03928351383625947,19.5016825,19.5016825,17.296308,21.707057
5,250000,579,2.5659984201192856,1.4586268675824006,-0.03672054811377166,25.644485,25.644485,20.122101,31.166869
6,300000,581,2.5659984201192856,1.6889571649332842,-0.030838984440075972,20.6890255,20.6890255,19.36726,22.010791
7,350000,582,2.5659984201192856,2.892029371360938,-0.026460672935627372,32.0792895,32.0792895,28.032888,36.125691
8,400000,583,2.5659984201192856,4.685711759825548,-0.028094031940509013,43.959025499999996,43.959025499999996,24.981825,62.936226
9,450000,583,2.5659984201192856,6.907883830865225,-0.02506293888761017,35.309695500000004,35.309695500000004,32.112457,38.506934
10,500000,584,2.5659984201192856,7.539187880357106,-0.02412665929281559,38.082124,38.082124,37.961516,38.202732
11,550000,584,2.5659984201192856,7.069998400410016,-0.02082973732917708,58.2210545,58.2210545,42.861109,73.581
12,600000,585,2.5659984201192856,5.149811553458373,-0.013248379741586309,66.94814,66.94814,59.387766,74.508514
13,650000,586,2.5659984201192856,4.186696686098973,-0.012037392758096151,81.278055,81.278055,72.983599,89.572511
14,700000,586,2.5659984201192856,4.6932616755366325,-0.011199571016186382,68.763646,68.763646,48.854642,88.67265
15,750000,587,2.5659984201192856,5.548343592385451,-0.011293071466385148,95.6838885,95.6838885,55.119011,136.248766
16,800000,588,2.5659984201192856,5.907553452750047,-0.01176179730171043,83.79974100000001,83.79974100000001,73.491038,94.108444
17,850000,587,2.5659984201192856,5.164294782529274,-0.01334105815858493,59.8426485,59.8426485,34.194091,85.491206
18,900000,588,2.5659984201192856,5.979353974262874,-0.00967422754686235,76.646188,76.646188,74.350187,78.942189
19,950000,588,2.5659984201192856,4.7900352224707605,-0.007363001136316901,73.877591,73.877591,70.420985,77.334197
20,1000000,588,2.5659984201192856,4.231558438390493,-0.008451558146634851,109.156611,109.156611,88.4467,129.866522
21,1050000,589,2.5659984201192856,4.362861031169692,-0.007765607855799317,99.593051,99.593051,98.022508,101.163594
22,1100000,589,2.5659984201192856,3.701276599864165,-0.01007194682148717,105.0864715,105.0864715,78.948769,131.224174
23,1150000,589,2.5659984201192856,2.7944666740794974,-0.005902369421251782,124.588672,124.588672,90.949653,158.227691
24,1200000,590,2.5659984201192856,1.938836220589777,-0.007156834693796554,88.6935455,88.6935455,80.55928,96.827811
25,1250000,590,2.5659984201192856,2.275796403363347,-0.007622957842962326,89.837478,89.837478,82.629463,97.045493
26,1300000,590,2.5659984201192856,2.2167522170891365,-0.008265066705094644,110.1943115,110.1943115,101.269167,119.119456
27,1350000,590,2.5659984201192856,2.399717444802324,-0.005030673392260117,108.65905950000001,108.65905950000001,96.163295,121.154824
28,1400000,591,2.5659984201192856,3.5601089101284744,-0.0011885529347712995,96.31103949999999,96.31103949999999,70.833786,121.788293
29,1450000,591,2.5659984201192856,3.3115164881572126,-0.0033739885444504123,102.632352,102.632352,93.657601,111.607103
30,1500000,591,2.5659984201192856,3.1287902363886437,-0.007339845088517904,119.666973,119.666973,113.253415,126.080531
31,1550000,591,2.5659984201192856,2.7229063134640454,-0.005797970718087224,98.808074,98.808074,45.540682,152.075466
32,1600000,591,2.5659984201192856,2.672314660809934,-0.009235547803958374,129.03474450000002,129.03474450000002,84.070057,173.999432
33,1650000,591,2.5659984201192856,3.25719050342838,-0.011264075504671685,172.2278375,172.2278375,157.399398,187.056277
34,1700000,591,2.5659984201192856,2.7316292288402715,-0.005958693778848101,164.53546799999998,164.53546799999998,148.747225,180.323711
35,1750000,591,2.5659984201192856,3.2627310243745646,-0.01125143102100689,141.683213,141.683213,141.070147,142.296279
36,1800000,591,2.5659984201192856,2.609903190905849,-0.0054043887487788805,393.135581,393.135581,257.945125,528.326037
37,1850000,591,2.5659984201192856,1.3882801233480373,0.023798492549281035,669.16023,669.16023,484.11187,854.20859
38,1900000,591,2.5659984201192856,6.590567178030809,0.0002011635854917889,179.4522895,179.4522895,74.975749,283.92883
39,1950000,592,2.5659984201192856,3.83507911786437,-0.005624610088375448,773.5362494999999,773.5362494999999,685.337017,861.735482
40,2000000,592,2.5659984201192856,5.462238197525342,-0.013273401558156669,463.898489,463.898489,71.865324,855.931654
41,2050000,592,2.5659984201192856,3.4170080793400603,-0.01360913727918766,190.770336,190.770336,174.53914,207.001532
42,2100000,592,2.5659984201192856,2.152647890150547,-0.008683577541554162,654.3004035,654.3004035,460.624979,847.975828
43,2150000,592,2.5659984201192856,0.8662798998877406,0.007142802601496593,857.344064,857.344064,853.242049,861.446079
44,2200000,592,2.5659984201192856,2.311490074079484,-0.0018594246873628133,842.64738,842.64738,841.661013,843.633747
45,2250000,592,2.5659984201192856,1.1457918287875752,0.005297664793473208,474.699664,474.699664,88.314809,861.084519
46,2300000,592,2.5659984201192856,2.056117443336795,-0.008354538097319165,868.231128,868.231128,862.25162,874.210636
47,2350000,592,2.5659984201192856,1.1958170214512696,-0.00029748217319252034,495.56967299999997,495.56967299999997,129.012883,862.126463
48,2400000,592,2.5659984201192856,1.9709993719433745,-0.004032130861178255,872.015371,872.015371,861.474054,882.556688
49,2450000,592,2.5659984201192856,2.0871964511771997,-0.0058385303495697375,875.8527200000001,875.8527200000001,868.578696,883.126744
50,2500000,592,2.5659984201192856,2.0876050581845145,-0.004685295661571823,879.6110495,879.6110495,865.525985,893.696114
51,2550000,592,2.5659984201192856,2.6806179051287473,-0.003760332526341396,502.83873200000005,502.83873200000005,347.262444,658.41502
52,2600000,592,2.5659984201192856,2.993721075945844,-0.0070916522612530265,846.539715,846.539715,807.436042,885.643388
53,2650000,592,2.5659984201192856,6.559415354703863,-0.0073632809693359984,873.38993,873.38993,846.8964,899.88346
54,2700000,592,2.5659984201192856,6.509481044548253,-0.011840697239267683,436.71637,436.71637,280.148812,593.283928
55,2750000,592,2.5659984201192856,3.3411579901973405,-0.005235286604518782,890.3541565,890.3541565,867.092618,913.615695
56,2800000,592,2.5659984201192856,2.4308902292822796,-0.00634097160004643,717.1904775,717.1904775,514.370553,920.010402
57,2850000,592,2.5659984201192856,2.0515210054504376,-0.005928978638500363,890.511198,890.511198,861.10288,919.919516
58,2900000,592,2.5659984201192856,2.580934786920746,-0.0018353933071618182,905.5808790000001,905.5808790000001,874.486663,936.675095
59,2950000,592,2.5659984201192856,5.460790303659936,-0.005443668066527607,701.596335,701.596335,481.380099,921.812571
60,3000000,592,2.5659984201192856,6.422261965150635,-0.007598087818602532,542.1806645,542.1806645,148.297246,936.064083
61,3050000,592,2.5659984201192856,2.1271370237693192,-0.004631657921222162,531.81715,531.81715,92.381942,971.252358
62,3100000,592,2.5659984201192856,2.412603397294879,-0.0036033835886883025,969.2404845000001,969.2404845000001,964.70914,973.771829
63,3150000,592,2.5659984201192856,3.624567496155699,-0.007242725735469927,983.7242625,983.7242625,974.766325,992.6822
64,3200000,592,2.5659984201192856,1.2812760102252165,-0.0003597337113812197,969.05512,969.05512,956.796947,981.313293
65,3250000,592,2.5659984201192856,4.950499352067709,-0.007407880047988632,990.34996,990.34996,987.892964,992.806956
66,3300000,592,2.5659984201192856,3.2586598793665567,-0.005305334939449343,729.822828,729.822828,445.368042,1014.277614
67,3350000,592,2.5659984201192856,3.1060839749872686,-0.0010899857376140667,1027.081308,1027.081308,1018.556097,1035.606519
68,3400000,592,2.5659984201192856,7.5931954476982355,-0.0091879156540017,902.721718,902.721718,768.3151,1037.128336
69,3450000,592,2.5659984201192856,5.570986565575003,-0.008885489983291943,803.475768,803.475768,632.424113,974.527423
70,3500000,592,2.5659984201192856,8.246216582879423,-0.0069620546736265014,1050.9606025,1050.9606025,1046.436598,1055.484607
71,3550000,592,2.5659984201192856,4.824600525945425,-0.004471582304919745,573.5015135,573.5015135,87.385756,1059.617271
72,3600000,592,2.5659984201192856,7.376288790255785,-0.009905103123477943,1098.2651314999998,1098.2651314999998,1077.104911,1119.425352
73,3650000,592,2.5659984201192856,7.198135599369804,-0.010871305564561833,1119.060062,1119.060062,1118.283935,1119.836189
74,3700000,591,2.5659984201192856,5.121467738226056,-0.006839141916861991,457.0511675,457.0511675,347.176726,566.925609
75,3750000,591,2.5659984201192856,10.030338048934937,-0.008678671192546972,215.186146,215.186146,169.913986,260.458306
76,3800000,591,2.5659984201192856,8.493546036009986,-0.00782994007125429,1143.9543085,1143.9543085,1142.626724,1145.281893
77,3850000,591,2.5659984201192856,5.820872743676106,-0.005340706755572692,1138.840522,1138.840522,1125.713728,1151.967316
78,3900000,590,2.5659984201192856,2.29161425717175,0.00017358386784091333,1169.328521,1169.328521,1137.06996,1201.587082
79,3950000,590,2.5659984201192856,5.407155834014217,-0.00883340087009401,1169.126111,1169.126111,1159.540456,1178.711766
80,4000000,590,2.5659984201192856,4.645748948430022,-0.009896348111256732,1172.585695,1172.585695,1155.664891,1189.506499
81,4050000,590,2.5659984201192856,3.9544555342445773,-0.0057278373438142205,1224.1387405,1224.1387405,1211.522644,1236.754837
82,4100000,589,2.5659984201192856,4.038218194618821,-0.006510540898208698,1202.762455,1202.762455,1195.308862,1210.216048
83,4150000,589,2.5659984201192856,4.517380732918779,-0.009784066286391635,1211.340453,1211.340453,1174.92508,1247.755826
84,4200000,589,2.5659984201192856,6.645509835456808,-0.006975998452196564,1239.260451,1239.260451,1233.967503,1244.553399
85,4250000,588,2.5659984201192856,4.207172875851393,-0.0027631299337069017,1253.7489209999999,1253.7489209999999,1240.815853,1266.681989
86,4300000,588,2.5659984201192856,10.58518197759986,-0.006693323897782951,1283.8958175,1283.8958175,1281.086596,1286.705039
87,4350000,588,2.5659984201192856,6.718620564912756,-0.002387408786478318,1271.3382984999998,1271.3382984999998,1260.864363,1281.812234
88,4400000,588,2.5659984201192856,10.659650744497776,-0.005803664576460222,1282.192497,1282.192497,1272.736612,1291.648382
89,4450000,587,2.5659984201192856,17.888876017183065,-0.00758139527762296,764.4828035,764.4828035,756.647521,772.318086
90,4500000,587,2.5659984201192856,9.106158535803358,-0.0035832512727210996,1319.2684165,1319.2684165,1318.707056,1319.829777
91,4550000,587,2.5659984201192856,13.380923330287139,-0.007593820651641181,1333.1284930000002,1333.1284930000002,1328.279469,1337.977517
92,4600000,587,2.5659984201192856,11.500025114417076,-0.004173960757513365,1333.9338,1333.9338,1320.433907,1347.433693
93,4650000,586,2.5659984201192856,15.934291786203781,-0.00951911729748834,1333.3979574999998,1333.3979574999998,1327.34701,1339.448905
94,4700000,586,2.5659984201192856,12.486473757773638,-0.006073529023766847,1364.8401574999998,1364.8401574999998,1363.479103,1366.201212
95,4750000,586,2.5659984201192856,11.539963058382273,-0.003948124089500501,1380.5252150000001,1380.5252150000001,1378.604186,1382.446244
96,4800000,586,2.5659984201192856,4.59444288139542,-0.0054442604559483245,1355.550758,1355.550758,1336.898644,1374.202872
97,4850000,586,2.5659984201192856,12.209185278043151,-0.0035282608922292034,1262.567912,1262.567912,1150.905396,1374.230428
98,4900000,586,2.5659984201192856,8.716498866677284,-0.0067182328024500745,1380.2095749999999,1380.2095749999999,1363.500717,1396.918433
99,4950000,586,2.5659984201192856,7.662447076415022,0.005376246751196353,1391.8926055000002,1391.8926055000002,1388.919331,1394.86588
100,5000000,587,2.5659984201192856,22.367279577751955,-0.007009243141449891,1120.8475445,1120.8475445,870.225282,1371.469807
101,5050000,587,2.5659984201192856,11.272168471415837,-0.005997426232234678,1395.2489325,1395.2489325,1390.639442,1399.858423
102,5100000,587,2.5659984201192856,32.0443759235243,-0.00883792926724709,1104.186567,1104.186567,781.188748,1427.184386
103,5150000,587,2.5659984201192856,10.707567233840624,-0.0012944314445045772,1419.7989295,1419.7989295,1391.264883,1448.332976
104,5200000,587,2.5659984201192856,7.333521735171477,-0.004888528583129907,1411.9086365,1411.9086365,1388.26666,1435.550613
105,5250000,587,2.5659984201192856,8.183607516686122,-0.004099311016155601,1435.392637,1435.392637,1424.336787,1446.448487
106,5300000,588,2.5659984201192856,21.43306138763825,-0.00805095014714728,1289.0961200000002,1289.0961200000002,1127.59241,1450.59983
107,5350000,588,2.5659984201192856,12.1848124794662,-0.006890701519811652,1453.9937169999998,1453.9937169999998,1436.209071,1471.778363
108,5400000,588,2.5659984201192856,15.568578905612231,-0.006763102093858228,1470.4162845,1470.4162845,1468.468953,1472.363616
109,5450000,588,2.5659984201192856,26.897773071626823,-0.008852673147608988,1055.4907585,1055.4907585,615.014374,1495.967143
110,5500000,588,2.5659984201192856,25.30828481291731,-0.0075232701078978914,1472.856926,1472.856926,1467.973887,1477.739965
111,5550000,588,2.5659984201192856,14.256042020519574,-0.004289844333672358,1072.1617660000002,1072.1617660000002,669.362331,1474.961201
112,5600000,588,2.5659984201192856,7.105857040733099,-0.005628876705850416,744.399451,744.399451,465.578674,1023.220228
113,5650000,589,2.5659984201192856,6.601100202774008,-0.0040246099068175075,1474.016116,1474.016116,1453.004388,1495.027844
114,5700000,589,2.5659984201192856,5.753034677170217,-0.006715464624463152,1485.1260714999999,1485.1260714999999,1470.808027,1499.444116
115,5750000,589,2.5659984201192856,10.798220107580224,-0.007425499826088829,1495.2431904999999,1495.2431904999999,1491.759306,1498.727075
116,5800000,589,2.5659984201192856,7.7934367202222345,-0.0049354423661649586,1489.3257975000001,1489.3257975000001,1453.652119,1524.999476
117,5850000,589,2.5659984201192856,23.455943619832397,-0.008623813378720039,1479.4375885,1479.4375885,1456.088301,1502.786876
118,5900000,589,2.5659984201192856,23.471842844411732,-0.005950745195483857,1273.199921,1273.199921,1012.117864,1534.281978
119,5950000,589,2.5659984201192856,25.613246887922287,-0.005431827631764463,1520.908792,1520.908792,1511.7609,1530.056684
120,6000000,589,2.5659984201192856,8.299480507274469,0.000494750373354691,1435.736658,1435.736658,1336.119564,1535.353752
121,6050000,589,2.5659984201192856,26.731635900586845,-0.005723363445088126,1258.148084,1258.148084,987.729883,1528.566285
122,6100000,589,2.5659984201192856,21.03494887277484,-0.002577575795900581,1516.1828825,1516.1828825,1501.782494,1530.583271
123,6150000,590,2.5659984201192856,25.10909138073524,-0.008824089595087988,1535.3901369999999,1535.3901369999999,1528.636062,1542.144212
124,6200000,590,2.5659984201192856,14.88208431340754,-0.004733946849895195,1553.3877205,1553.3877205,1549.451858,1557.323583
125,6250000,590,2.5659984201192856,19.453369630873205,-0.004092311475278621,894.482141,894.482141,229.592224,1559.372058
126,6300000,590,2.5659984201192856,1.23971804069976,-0.0030690275162138883,1540.7677735,1540.7677735,1538.969919,1542.565628
127,6350000,589,2.5659984201192856,11.59081817381084,-0.00825195714386003,1531.3648134999999,1531.3648134999999,1510.737073,1551.992554
128,6400000,589,2.5659984201192856,18.331123084326585,-0.0061355342591279316,942.4936270000001,942.4936270000001,385.853379,1499.133875
129,6450000,589,2.5659984201192856,5.030099468554059,-0.001341438470808498,1527.764599,1527.764599,1520.23415,1535.295048
130,6500000,589,2.5659984201192856,24.34881583303213,-0.00631867497317368,1561.9713415,1561.9713415,1550.928962,1573.013721
131,6550000,589,2.5659984201192856,4.901465874910355,-0.005404677074458656,1565.4406060000001,1565.4406060000001,1558.77066,1572.110552
132,6600000,589,2.5659984201192856,11.84309372541805,-0.0063958716949893335,1571.2581575,1571.2581575,1562.467397,1580.048918
133,6650000,589,2.5659984201192856,22.21061526412765,-0.004639329693081133,1581.059772,1581.059772,1562.471746,1599.647798
134,6700000,589,2.5659984201192856,13.267525360298654,-0.004667463266857416,1108.1129495,1108.1129495,613.379533,1602.846366
135,6750000,589,2.5659984201192856,10.40997828443845,-0.005285329813311061,1568.3200605000002,1568.3200605000002,1564.560085,1572.080036
136,6800000,589,2.5659984201192856,11.992070494343837,-0.003191423965351229,1573.0570235,1573.0570235,1566.2413,1579.872747
137,6850000,589,2.5659984201192856,14.746001740545035,-0.0029948595615332846,1105.6613575000001,1105.6613575000001,622.500871,1588.821844
138,6900000,589,2.5659984201192856,8.115457663188378,-0.004639271892112144,1583.7124345,1583.7124345,1574.356405,1593.068464
139,6950000,589,2.5659984201192856,9.311421880498528,-0.004778037453828195,1589.203528,1589.203528,1587.435147,1590.971909
140,7000000,589,2.5659984201192856,10.744282773261268,-0.002126414018276061,1607.1869434999999,1607.1869434999999,1599.400151,1614.973736
141,7050000,589,2.5659984201192856,12.3436094135046,-0.006428166200214492,1599.901793,1599.901793,1597.498476,1602.30511
142,7100000,589,2.5659984201192856,23.277198723951976,-0.0077800166881407526,1543.776873,1543.776873,1471.336962,1616.216784
143,7150000,589,2.5659984201192856,14.918999515722195,-0.004929809405969839,1601.4099270000002,1601.4099270000002,1601.104604,1601.71525
144,7200000,589,2.5659984201192856,13.470183118432761,0.009040592899934079,1608.8366245,1608.8366245,1603.936226,1613.737023
145,7250000,589,2.5659984201192856,21.249746124073862,-0.005436543952873763,901.6435200000001,901.6435200000001,213.972692,1589.314348
146,7300000,589,2.5659984201192856,18.254207601149876,-0.005594813504095934,1603.356956,1603.356956,1596.22952,1610.484392
147,7350000,589,2.5659984201192856,14.62789100718995,-0.00262451543875765,876.1520710000001,876.1520710000001,146.473404,1605.830738
148,7400000,588,2.5659984201192856,15.534871386239926,-0.006257357783601947,1602.1690115000001,1602.1690115000001,1597.706193,1606.63183
149,7450000,588,2.5659984201192856,24.61115025964876,-0.006804971880804563,1226.0280885,1226.0280885,838.936304,1613.119873
150,7500000,588,2.5659984201192856,7.681741005554795,-0.001706619179246142,1614.7059570000001,1614.7059570000001,1601.818469,1627.593445
151,7550000,588,2.5659984201192856,7.943767176816861,-0.005417213214802056,1597.9953445,1597.9953445,1595.61972,1600.370969
152,7600000,588,2.5659984201192856,4.902882682345807,-0.004065549210175353,1595.314457,1595.314457,1591.325088,1599.303826
153,7650000,588,2.5659984201192856,4.802026587227981,-0.006996238526115425,1613.2017645,1613.2017645,1611.137795,1615.265734
154,7700000,588,2.5659984201192856,10.31646692181627,-0.006522659058252126,1615.4501195,1615.4501195,1589.731316,1641.168923
155,7750000,588,2.5659984201192856,19.710446064546705,-0.0067168435918271525,1269.5907805000002,1269.5907805000002,909.420302,1629.761259
156,7800000,588,2.5659984201192856,13.23150710562865,-0.006107564029173318,1628.580848,1628.580848,1625.320943,1631.840753
157,7850000,588,2.5659984201192856,9.697118037318189,-0.0023564179721025386,1644.3862224999998,1644.3862224999998,1634.103109,1654.669336
158,7900000,588,2.5659984201192856,17.767764956255753,-0.0032577825800823726,1617.5800075,1617.5800075,1605.185231,1629.974784
159,7950000,588,2.5659984201192856,16.930876662457983,-0.004801466069541978,1647.6751024999999,1647.6751024999999,1646.946186,1648.404019
160,8000000,588,2.5659984201192856,12.183446557447315,-0.006400221371518455,1649.3279475,1649.3279475,1643.349385,1655.30651
161,8050000,588,2.5659984201192856,12.456015600264072,-0.006101067584404518,1369.3453690000001,1369.3453690000001,1237.858568,1500.83217
162,8100000,587,2.5659984201192856,32.29136315112313,-0.006028962624956572,1644.7656225,1644.7656225,1642.977578,1646.553667
163,8150000,587,2.5659984201192856,18.759444496532282,-0.004058445756618312,1655.1181375,1655.1181375,1638.360416,1671.875859
164,8200000,587,2.5659984201192856,10.024588437378407,-0.006946354930823873,1640.317199,1640.317199,1628.000436,1652.633962
165,8250000,587,2.5659984201192856,15.624771623996397,-0.005944705358437356,926.4970235000001,926.4970235000001,218.215415,1634.778632
166,8300000,587,2.5659984201192856,16.643669908183316,-0.005504425051519017,1637.1080265,1637.1080265,1629.049937,1645.166116
167,8350000,587,2.5659984201192856,18.504277880117296,-0.0059514729767215615,1645.0090500000001,1645.0090500000001,1630.512187,1659.505913
168,8400000,587,2.5659984201192856,23.466071313992142,-0.005963953264036566,1645.0267975,1645.0267975,1638.502953,1651.550642
169,8450000,586,2.5659984201192856,21.02628865223378,-0.006928503553399423,1655.686028,1655.686028,1651.072345,1660.299711
170,8500000,586,2.5659984201192856,25.918744925037025,-0.0068090497903085636,1654.651218,1654.651218,1645.051185,1664.251251
171,8550000,586,2.5659984201192856,14.691509671136737,-0.003695558103906175,1027.295012,1027.295012,402.949777,1651.640247
172,8600000,586,2.5659984201192856,12.449231371469796,-0.0037139558848101237,1648.270629,1648.270629,1643.990136,1652.551122
173,8650000,586,2.5659984201192856,14.424924478059014,-0.005209757318440703,1657.169641,1657.169641,1629.002765,1685.336517
174,8700000,586,2.5659984201192856,4.306078369605045,-0.005864509353682479,1650.5137894999998,1650.5137894999998,1639.280746,1661.746833
175,8750000,586,2.5659984201192856,19.43971924558282,-0.005450866936128781,1380.3623305,1380.3623305,1098.225914,1662.498747
176,8800000,585,2.5659984201192856,22.21636125805477,-0.007407921020148933,1679.9628389999998,1679.9628389999998,1676.489725,1683.435953
177,8850000,585,2.5659984201192856,17.949688305457432,-0.005824559902460654,1675.5233105,1675.5233105,1667.226575,1683.820046
178,8900000,585,2.5659984201192856,6.805463009824355,-0.005683631816979565,1661.018795,1661.018795,1656.537503,1665.500087
179,8950000,585,2.5659984201192856,11.551022447583575,-0.0018858556673573426,1687.921921,1687.921921,1675.438415,1700.405427
180,9000000,585,2.5659984201192856,9.415434899739921,-0.004688613083038718,1675.4363524999999,1675.4363524999999,1675.117892,1675.754813
181,9050000,585,2.5659984201192856,14.006919129937888,-0.007702841215101823,1678.4647415,1678.4647415,1659.329012,1697.600471
182,9100000,585,2.5659984201192856,12.936306919157506,-0.005971778922260759,1691.485469,1691.485469,1675.862296,1707.108642
183,9150000,585,2.5659984201192856,8.033178736828267,-0.003060859255242576,1686.840916,1686.840916,1678.279619,1695.402213
184,9200000,584,2.5659984201192856,14.292942617771526,-0.006930727376000808,1687.7750350000001,1687.7750350000001,1676.559296,1698.990774
185,9250000,584,2.5659984201192856,6.5425481480856735,-0.006550258325230137,1693.3327785000001,1693.3327785000001,1680.806174,1705.859383
186,9300000,584,2.5659984201192856,6.597158758156001,-0.0033541933413592535,1701.578684,1701.578684,1699.411342,1703.746026
187,9350000,584,2.5659984201192856,8.878680492502948,-0.005256985629239352,1711.0278954999999,1711.0278954999999,1705.197818,1716.857973
188,9400000,584,2.5659984201192856,8.847843025997282,-0.006662814110435041,1699.3945505000002,1699.3945505000002,1678.337093,1720.452008
189,9450000,584,2.5659984201192856,11.009366058434049,-0.005887103203764355,1697.3220875,1697.3220875,1694.547411,1700.096764
190,9500000,584,2.5659984201192856,10.677215808443725,-0.0027739193693226603,1720.021692,1720.021692,1705.198579,1734.844805
191,9550000,584,2.5659984201192856,13.274782778881491,-0.006176372651369396,1743.1340785,1743.1340785,1732.446256,1753.821901
192,9600000,583,2.5659984201192856,13.012865212311347,-0.004894535595713023,1725.5354619999998,1725.5354619999998,1713.386695,1737.684229
193,9650000,583,2.5659984201192856,20.327460499852897,-0.006059844865266465,1745.6653084999998,1745.6653084999998,1741.147315,1750.183302
194,9700000,583,2.5659984201192856,13.522458821783463,-0.005877235579661525,1741.047009,1741.047009,1730.843355,1751.250663
195,9750000,583,2.5659984201192856,24.293473427618544,-0.005714390104684952,947.6812894999999,947.6812894999999,145.723892,1749.638687
196,9800000,583,2.5659984201192856,15.4845720100527,-0.007329526613727921,1163.5116545,1163.5116545,545.610522,1781.412787
197,9850000,583,2.5659984201192856,12.287871740634243,-0.006090222961908391,1767.647202,1767.647202,1766.696751,1768.597653
198,9900000,583,2.5659984201192856,30.992718910674252,-0.006896284688355081,1772.5135315,1772.5135315,1762.723172,1782.303891
199,9950000,583,2.5659984201192856,17.613325085366764,-0.0066066661962092136,1758.8920315,1758.8920315,1739.559107,1778.224956
200,10000000,583,2.5659984201192856,14.806763308495283,-0.0074789510653791545,1757.56319,1757.56319,1747.844272,1767.282108
201,10050000,583,2.5659984201192856,29.958040359367928,-0.0071240673916387704,1023.131697,1023.131697,272.004048,1774.259346
202,10100000,583,2.5659984201192856,26.680015478407345,-0.005572810568833564,1765.0829640000002,1765.0829640000002,1764.872421,1765.293507
203,10150000,583,2.5659984201192856,25.009111740998925,-0.004347773691551993,1790.9718025000002,1790.9718025000002,1789.70269,1792.240915
204,10200000,583,2.5659984201192856,23.449321069320042,-0.004317514903194327,1697.9155225,1697.9155225,1635.714421,1760.116624
205,10250000,583,2.5659984201192856,20.66040536866834,-0.004781348290437867,1772.97003,1772.97003,1768.965428,1776.974632
206,10300000,583,2.5659984201192856,19.2530548973009,-0.005826850722117646,1779.5716324999999,1779.5716324999999,1775.22085,1783.922415
207,10350000,583,2.5659984201192856,13.643922934743266,-0.004616376480544204,1787.3677565,1787.3677565,1784.743645,1789.991868
208,10400000,583,2.5659984201192856,12.833087267105778,-0.004737570417872424,1779.9493555,1779.9493555,1775.744791,1784.15392
209,10450000,583,2.5659984201192856,21.08467680302759,-0.00688891355157466,1787.2027524999999,1787.2027524999999,1781.607528,1792.797977
210,10500000,583,2.5659984201192856,13.470469933624068,-0.006943755345933293,1777.9870365000002,1777.9870365000002,1770.146602,1785.827471
211,10550000,583,2.5659984201192856,14.72669085090359,-0.006618458154601588,1795.987287,1795.987287,1773.43481,1818.539764
212,10600000,583,2.5659984201192856,32.06337579687436,-0.004538458084789454,1819.0002665,1819.0002665,1806.897978,1831.102555
213,10650000,582,2.5659984201192856,22.562590696911016,-0.00745976988557023,954.619012,954.619012,94.686639,1814.551385
214,10700000,582,2.5659984201192856,19.80997410416603,-0.0046856409671666675,1178.530548,1178.530548,547.083983,1809.977113
215,10750000,582,2.5659984201192856,6.910841903897623,-0.005318032754583631,1815.084703,1815.084703,1811.027112,1819.142294
216,10800000,582,2.5659984201192856,28.408791280537844,-0.007517315084896836,1840.8507089999998,1840.8507089999998,1825.680132,1856.021286
217,10850000,582,2.5659984201192856,18.57825021656851,-0.006919679718218201,1823.0467495,1823.0467495,1821.661396,1824.432103
218,10900000,582,2.5659984201192856,6.598355595146616,-0.006892354029287162,949.3251105,949.3251105,105.662246,1792.987975
219,10950000,582,2.5659984201192856,12.233279066284497,-0.006836057707190927,1844.4882745,1844.4882745,1840.43772,1848.538829
220,11000000,582,2.5659984201192856,7.071773448338111,-0.006016963196225333,1507.327649,1507.327649,1214.306964,1800.348334
221,11050000,582,2.5659984201192856,9.16401159974436,-0.0076700091462043925,1859.626266,1859.626266,1857.423933,1861.828599
222,11100000,582,2.5659984201192856,33.85510279685259,-0.006259273190444977,1839.3949905,1839.3949905,1836.661737,1842.128244
223,11150000,582,2.5659984201192856,29.883522207041583,-0.006741927525642192,1753.7492905,1753.7492905,1614.822366,1892.676215
224,11200000,581,2.5659984201192856,16.663364052958787,-0.006456744832636711,1052.9042570000001,1052.9042570000001,218.393687,1887.414827
225,11250000,581,2.5659984201192856,12.32254925550272,-0.004431958040351703,1879.9923155000001,1879.9923155000001,1871.836969,1888.147662
226,11300000,581,2.5659984201192856,12.295936304330827,-0.003889502541372991,1883.2730255000001,1883.2730255000001,1868.642136,1897.903915
227,11350000,581,2.5659984201192856,13.657332093268632,-0.0067657522538714454,1438.548613,1438.548613,981.669357,1895.427869
228,11400000,581,2.5659984201192856,13.570463854074479,-0.004970217778979228,1899.353935,1899.353935,1895.164724,1903.543146
229,11450000,581,2.5659984201192856,12.249311048537493,-0.006541790523632092,1880.7921235,1880.7921235,1880.603501,1880.980746
230,11500000,581,2.5659984201192856,22.260457730914155,-0.005684077876867377,1731.048436,1731.048436,1566.189698,1895.907174
231,11550000,581,2.5659984201192856,13.431055434793233,-0.003979156391991031,1888.7367135,1888.7367135,1873.065304,1904.408123
232,11600000,581,2.5659984201192856,39.15648580566049,-0.005139703951097848,1899.925,1899.925,1870.852639,1928.997361
233,11650000,581,2.5659984201192856,14.604230655978123,-0.004661192323597637,1933.902182,1933.902182,1928.273556,1939.530808
234,11700000,581,2.5659984201192856,24.192002024501562,-0.005246477075615985,1930.8257174999999,1930.8257174999999,1920.956635,1940.6948
235,11750000,581,2.5659984201192856,22.906953972702226,-0.0038718059245942036,1932.819544,1932.819544,1931.23331,1934.405778
236,11800000,580,2.5659984201192856,30.548453292126457,-0.003578588617726079,1937.889358,1937.889358,1934.512172,1941.266544
237,11850000,580,2.5659984201192856,29.083294445400437,-0.006982992577150071,1944.1630105,1944.1630105,1944.056265,1944.269756
238,11900000,580,2.5659984201192856,13.319664996365706,-0.005232751118213249,1914.263939,1914.263939,1899.615415,1928.912463
239,11950000,580,2.5659984201192856,18.902023935566344,-0.006642344927756009,1337.8055675,1337.8055675,711.982776,1963.628359
240,12000000,580,2.5659984201192856,26.72854402003189,-0.006181251237679438,1381.8333440000001,1381.8333440000001,1317.120942,1446.545746
241,12050000,580,2.5659984201192856,13.120585877945025,-0.005460167470149221,1060.0023535,1060.0023535,183.951659,1936.053048
242,12100000,580,2.5659984201192856,21.58458210080862,-0.0059431746186495125,1950.484531,1950.484531,1947.413147,1953.555915
243,12150000,580,2.5659984201192856,30.016099583854277,-0.004105590473439709,1972.2694195,1972.2694195,1964.63371,1979.905129
244,12200000,580,2.5659984201192856,23.399451665456095,-0.00515654274862906,1954.5683195000001,1954.5683195000001,1934.022369,1975.11427
245,12250000,580,2.5659984201192856,27.562630980834363,-0.002907748684478406,1984.2067315,1984.2067315,1972.507501,1995.905962
246,12300000,580,2.5659984201192856,17.1247155127426,-0.005648289758388121,1948.468092,1948.468092,1922.363668,1974.572516
247,12350000,580,2.5659984201192856,10.671085737893979,-0.005157126400418596,1967.955746,1967.955746,1955.758248,1980.153244
248,12400000,580,2.5659984201192856,15.701869754555325,-0.006028563696683402,1974.4615905,1974.4615905,1972.776268,1976.146913
249,12450000,580,2.5659984201192856,11.424418074265123,-0.0020784562234590948,2002.6625625000001,2002.6625625000001,1991.265047,2014.060078
250,12500000,580,2.5659984201192856,10.742327247932554,-0.005599375844538675,1404.2410815,1404.2410815,800.060226,2008.421937
251,12550000,580,2.5659984201192856,14.13837218657136,-0.00500516284864716,1350.271832,1350.271832,685.217804,2015.32586
252,12600000,580,2.5659984201192856,6.953600103408098,-0.004812520965227426,2019.4807784999998,2019.4807784999998,2017.919193,2021.042364
253,12650000,580,2.5659984201192856,20.452631329434613,-0.006211773981870768,2008.673053,2008.673053,2002.315804,2015.030302
254,12700000,580,2.5659984201192856,40.284804531310996,-0.005121266970945726,1134.416907,1134.416907,238.426222,2030.407592
255,12750000,580,2.5659984201192856,27.447966729601223,-0.00694883412882632,2023.5604349999999,2023.5604349999999,2019.472231,2027.648639
256,12800000,580,2.5659984201192856,28.881301204736033,-0.006298440482381314,1693.2419385,1693.2419385,1377.665167,2008.81871
257,12850000,580,2.5659984201192856,20.77349357927839,-0.005456461802957809,1186.422703,1186.422703,353.19,2019.655406
258,12900000,580,2.5659984201192856,37.5992829610904,-0.006979894232169197,2014.241118,2014.241118,2005.176827,2023.305409
259,12950000,580,2.5659984201192856,15.320698776779075,-0.0043728687264774635,2041.9320400000001,2041.9320400000001,2037.175313,2046.688767
260,13000000,580,2.5659984201192856,15.820363273844123,-0.004806544623003599,2025.552772,2025.552772,2015.71179,2035.393754
261,13050000,580,2.5659984201192856,32.21633802341918,-0.004905486114512314,2028.240543,2028.240543,2020.993175,2035.487911
262,13100000,579,2.5659984201192856,23.84678844312827,-0.006642946564625163,1355.0152535,1355.0152535,692.665458,2017.365049
263,13150000,579,2.5659984201192856,15.871281619618337,-0.003308249988731404,1239.8959895,1239.8959895,465.527228,2014.264751
264,13200000,579,2.5659984201192856,7.647341225917141,-0.005636135916855286,2048.566833,2048.566833,2039.090656,2058.04301
265,13250000,579,2.5659984201192856,5.4882590106378,-0.0055778656784165525,2060.952413,2060.952413,2057.295395,2064.609431
266,13300000,579,2.5659984201192856,18.475142769515514,-0.006608002989802723,2036.0014755000002,2036.0014755000002,2027.699749,2044.303202
267,13350000,579,2.5659984201192856,25.393268563846746,-0.006652545827805056,2057.913797,2057.913797,2039.648911,2076.178683
268,13400000,579,2.5659984201192856,51.34005135968327,-0.006458897989417286,2075.262479,2075.262479,2068.179083,2082.345875
269,13450000,579,2.5659984201192856,18.637859244520467,-0.005593263198092776,2062.3030769999996,2062.3030769999996,2050.669173,2073.936981
270,13500000,579,2.5659984201192856,24.22555000372231,-0.005150717610450784,2057.4247245,2057.4247245,2035.315965,2079.533484
271,13550000,579,2.5659984201192856,21.435911241173745,-0.005007116336188725,2068.0002125,2068.0002125,2059.997498,2076.002927
272,13600000,579,2.5659984201192856,43.999290368705985,-0.005180588764460481,2059.7415645,2059.7415645,2057.533688,2061.949441
273,13650000,579,2.5659984201192856,13.0458982432882,-0.005788717162962105,2033.8610545000001,2033.8610545000001,2026.54121,2041.180899
274,13700000,579,2.5659984201192856,26.54258218271037,-0.003638523759536838,2078.5270579999997,2078.5270579999997,2064.568242,2092.485874
275,13750000,579,2.5659984201192856,44.900094040979944,-0.005973146834553648,1175.6172045,1175.6172045,270.761011,2080.473398
276,13800000,579,2.5659984201192856,21.58817097917199,-0.005094775698914115,2098.4264655,2098.4264655,2095.860536,2100.992395
277,13850000,579,2.5659984201192856,55.651206657538815,-0.0048537720509007915,1261.4349865,1261.4349865,426.278895,2096.591078
278,13900000,579,2.5659984201192856,38.358744919796784,-0.004899755289746584,2079.107206,2079.107206,2078.224254,2079.990158
279,13950000,579,2.5659984201192856,57.416549666970965,-0.006398812157093895,2102.678379,2102.678379,2094.461983,2110.894775
280,14000000,579,2.5659984201192856,27.527816681812208,-0.006528694394501144,2067.5868425,2067.5868425,2054.631561,2080.542124
281,14050000,579,2.5659984201192856,57.45991284052531,-0.006287465566795921,2098.1951854999998,2098.1951854999998,2086.426664,2109.963707
282,14100000,579,2.5659984201192856,17.59043530014654,-0.0004406677911902079,2070.89651,2070.89651,2067.98781,2073.80521
283,14150000,579,2.5659984201192856,28.14574083300928,-0.006060510506457225,2091.4026265,2091.4026265,2089.413685,2093.391568
284,14200000,578,2.5659984201192856,29.10942161368827,-0.005390493991285439,1090.046303,1090.046303,78.039832,2102.052774
285,14250000,578,2.5659984201192856,26.494400051732857,-0.007509502668623705,2079.756612,2079.756612,2052.830779,2106.682445
286,14300000,578,2.5659984201192856,56.32381582359473,-0.005305802915639409,2071.348015,2071.348015,2056.460486,2086.235544
287,14350000,578,2.5659984201192856,20.560915149499973,-0.0042865629651411535,2098.3633345,2098.3633345,2092.91369,2103.812979
288,14400000,578,2.5659984201192856,33.90163541113337,-0.005194498247844118,2078.5628855,2078.5628855,2075.36699,2081.758781
289,14450000,578,2.5659984201192856,31.396192663162946,-0.004333902095171046,1068.58756,1068.58756,863.294759,1273.880361
290,14500000,578,2.5659984201192856,34.157519945005575,-0.006649906576906991,1552.082652,1552.082652,991.320937,2112.844367
291,14550000,578,2.5659984201192856,45.89436464384198,-0.006915671119130214,2082.4685375,2082.4685375,2078.048074,2086.889001
292,14600000,578,2.5659984201192856,30.117714641243218,-0.004940398550983597,2091.2158195,2091.2158195,2086.638595,2095.793044
293,14650000,578,2.5659984201192856,25.798650271445513,-0.005358964003009229,2098.5818165,2098.5818165,2086.884309,2110.279324
294,14700000,578,2.5659984201192856,23.382072287549576,-0.006627662864699838,2027.6179845000001,2027.6179845000001,1971.015509,2084.22046
295,14750000,578,2.5659984201192856,53.65356749172012,-0.005189505781186199,2100.919302,2100.919302,2096.86185,2104.976754
296,14800000,578,2.5659984201192856,31.663983151689173,-0.002635932299472188,524.6895595,524.6895595,175.248922,874.130197
297,14850000,578,2.5659984201192856,24.411811075483758,-0.006261417267948369,2098.7626225,2098.7626225,2093.020407,2104.504838
298,14900000,578,2.5659984201192856,39.510616249839465,-0.0052921424797204965,2098.2727,2098.2727,2095.524719,2101.020681
299,14950000,578,2.5659984201192856,26.075947843988736,-0.0035928887404679697,1955.085875,1955.085875,1814.66367,2095.50808
300,15000000,578,2.5659984201192856,25.04850204065442,-0.007091699047638637,1862.7000375,1862.7000375,1610.820319,2114.579756
301,15050000,578,2.5659984201192856,14.929939720779657,-0.005629897248703249,2108.9286135,2108.9286135,2100.885015,2116.972212
302,15100000,578,2.5659984201192856,35.93956584408879,-0.0065227291379490755,1584.2525385,1584.2525385,1048.293856,2120.211221
303,15150000,578,2.5659984201192856,59.5538025252521,-0.00671825020185679,2069.8024295,2069.8024295,2037.60171,2102.003149
304,15200000,578,2.5659984201192856,41.9023833014071,-0.005324717521701435,2025.9761575000002,2025.9761575000002,1936.454966,2115.497349
305,15250000,578,2.5659984201192856,30.054824196298917,-0.004966335353143828,2110.1326655000003,2110.1326655000003,2099.695687,2120.569644
306,15300000,578,2.5659984201192856,49.40344459936023,-0.003833313646737224,1317.648087,1317.648087,527.609388,2107.686786
307,15350000,578,2.5659984201192856,46.62215598722299,-0.006826136677659633,2099.274313,2099.274313,2061.240955,2137.307671
308,15400000,578,2.5659984201192856,35.44449435696006,-0.0038272986533911535,2123.84047,2123.84047,2120.633044,2127.047896
309,15450000,578,2.5659984201192856,37.522790247450274,-0.0035182604617981874,2088.2276465,2088.2276465,2072.396003,2104.05929
310,15500000,578,2.5659984201192856,19.878767153124013,-0.005390715914453874,2117.9844125,2117.9844125,2109.783684,2126.185141
311,15550000,578,2.5659984201192856,15.106911075487734,-0.004773408595974615,2102.0362219999997,2102.0362219999997,2096.905433,2107.167011
312,15600000,578,2.5659984201192856,19.371763081351915,-0.005357980854925396,2123.7777255,2123.7777255,2121.957919,2125.597532
313,15650000,578,2.5659984201192856,16.10336065534502,-0.0036470413925220177,2096.4657865,2096.4657865,2088.814461,2104.117112
314,15700000,578,2.5659984201192856,8.79442069604993,-0.005546725090744076,2124.2243905,2124.2243905,2118.600577,2129.848204
315,15750000,578,2.5659984201192856,21.13872166375319,-0.007238290486998267,1968.5340919999999,1968.5340919999999,1832.12753,2104.940654
316,15800000,578,2.5659984201192856,11.853568432355921,-0.006016634478267709,2137.7253364999997,2137.7253364999997,2124.392911,2151.057762
317,15850000,578,2.5659984201192856,9.78028319751223,-0.0032708090444430126,2134.4225675,2134.4225675,2119.033283,2149.811852
318,15900000,578,2.5659984201192856,30.857113926609358,-0.004593963703193064,2118.9695309999997,2118.9695309999997,2102.25864,2135.680422
319,15950000,578,2.5659984201192856,27.545614864553013,-0.0066585702917412466,2133.185825,2133.185825,2109.383498,2156.988152
320,16000000,578,2.5659984201192856,28.686612718428176,-0.0058623997274262745,2122.9010255,2122.9010255,2106.093114,2139.708937
321,16050000,578,2.5659984201192856,22.361391843482853,-0.0051374608118446,2105.3442115,2105.3442115,2089.502269,2121.186154
322,16100000,578,2.5659984201192856,32.21184182018042,-0.007882386998994661,101.16521700000001,101.16521700000001,48.312101,154.018333
323,16150000,578,2.5659984201192856,32.312265229970215,-0.005881876224581598,2148.573927,2148.573927,2137.222652,2159.925202
324,16200000,578,2.5659984201192856,5.022115701436997,-0.0029582132877086073,2136.0204645,2136.0204645,2115.725842,2156.315087
325,16250000,577,2.5659984201192856,20.751605110863846,-0.00581620026945302,1151.971904,1151.971904,172.975868,2130.96794
326,16300000,577,2.5659984201192856,13.63771113716066,-0.0050703964704969925,1812.358749,1812.358749,1489.374649,2135.342849
327,16350000,577,2.5659984201192856,24.90614849738777,-0.006222396395773918,2139.783399,2139.783399,2136.835652,2142.731146
328,16400000,577,2.5659984201192856,19.46871347427368,-0.006053657084263856,2148.41083,2148.41083,2148.228691,2148.592969
329,16450000,577,2.5659984201192856,20.997128403559326,-0.004426612302389306,1105.7478925,1105.7478925,48.063663,2163.432122
330,16500000,577,2.5659984201192856,37.86083257943392,-0.006229582093934974,2148.6490145,2148.6490145,2142.985195,2154.312834
331,16550000,577,2.5659984201192856,32.08800780413051,-0.0060524380262374205,2154.1445169999997,2154.1445169999997,2145.983999,2162.305035
332,16600000,577,2.5659984201192856,22.77244752732416,-0.0047757930389858904,2166.248334,2166.248334,2153.247713,2179.248955
333,16650000,577,2.5659984201192856,44.0875976515313,-0.005812683238080278,2130.297568,2130.297568,2113.580118,2147.015018
334,16700000,577,2.5659984201192856,31.701939022541048,-0.005465799961014758,2136.0738345,2136.0738345,2122.847168,2149.300501
335,16750000,577,2.5659984201192856,23.634544227520625,-0.005084986881555172,1186.024165,1186.024165,240.226517,2131.821813
336,16800000,577,2.5659984201192856,59.24177970985571,-0.007594121876835894,2158.743907,2158.743907,2146.191144,2171.29667
337,16850000,577,2.5659984201192856,40.74650781986614,-0.00479542069888339,2157.7137785,2157.7137785,2157.412312,2158.015245
338,16900000,577,2.5659984201192856,15.320890356600284,-0.004324188711689203,2148.4772405,2148.4772405,2144.653241,2152.30124
339,16950000,577,2.5659984201192856,24.060753065347672,-0.003963632454482043,2144.2225314999996,2144.2225314999996,2117.513517,2170.931546
340,17000000,577,2.5659984201192856,29.033551147331796,-0.004669736270852809,2169.7365765,2169.7365765,2152.421299,2187.051854
341,17050000,577,2.5659984201192856,56.581563612322014,-0.0049589486147435,1520.831719,1520.831719,869.605477,2172.057961
342,17100000,577,2.5659984201192856,21.92159039961795,-0.0011069100141867239,2150.7483789999997,2150.7483789999997,2126.461383,2175.035375
343,17150000,577,2.5659984201192856,9.305130229890347,-0.004910562940472119,2149.615465,2149.615465,2111.841548,2187.389382
344,17200000,577,2.5659984201192856,55.34109410320719,-0.0017598247574483138,2163.856754,2163.856754,2141.701482,2186.012026
345,17250000,576,2.5659984201192856,51.340313066293795,-0.006466435396335631,2152.7123945000003,2152.7123945000003,2139.296126,2166.128663
346,17300000,576,2.5659984201192856,29.24981053508818,-0.005180655430497912,1677.1667765,1677.1667765,1190.774496,2163.559057
347,17350000,576,2.5659984201192856,14.195330582310756,-0.004747107211479336,1279.7007895,1279.7007895,385.018459,2174.38312
348,17400000,576,2.5659984201192856,26.88669577141603,-0.006378639381091488,2144.7083805,2144.7083805,2116.419683,2172.997078
349,17450000,576,2.5659984201192856,36.17112581481536,-0.006616479250934996,2166.2773835,2166.2773835,2153.319183,2179.235584
350,17500000,576,2.5659984201192856,40.30396203870575,-0.0052107739555443304,2176.1384895,2176.1384895,2158.813984,2193.462995
351,17550000,576,2.5659984201192856,21.534834338600437,-0.003901067808874359,2010.93916,2010.93916,1828.335944,2193.542376
352,17600000,576,2.5659984201192856,21.20451798538367,-0.00639092166508514,2162.2644645,2162.2644645,2156.970783,2167.558146
353,17650000,577,2.5659984201192856,6.187768971920013,-0.0021981493438147483,2143.53287,2143.53287,2132.637611,2154.428129
354,17700000,577,2.5659984201192856,18.321260394031803,-0.005644942654434241,2178.550822,2178.550822,2176.585808,2180.515836
355,17750000,577,2.5659984201192856,37.208176645636556,-0.005810808767542615,2187.0305415000003,2187.0305415000003,2181.528096,2192.532987
356,17800000,577,2.5659984201192856,43.975302919745445,-0.00754701012294845,2175.104969,2175.104969,2165.808815,2184.401123
357,17850000,577,2.5659984201192856,17.519085944071414,-0.004386756372537093,2176.5023115000004,2176.5023115000004,2174.282701,2178.721922
358,17900000,577,2.5659984201192856,24.008347394814095,-0.004854397704912116,2192.2403765,2192.2403765,2183.150805,2201.329948
359,17950000,577,2.5659984201192856,13.369461736207207,-0.003819388692492491,2183.8858215,2183.8858215,2183.201905,2184.569738
360,18000000,577,2.5659984201192856,26.974515364070733,-0.00636156274986206,2162.711188,2162.711188,2154.122293,2171.300083
361,18050000,577,2.5659984201192856,18.476313302541772,-0.004069489995769496,2175.2656395,2175.2656395,2174.372043,2176.159236
362,18100000,577,2.5659984201192856,18.656111109318832,-0.007026995837137898,2191.2795955,2191.2795955,2180.578931,2201.98026
363,18150000,577,2.5659984201192856,29.425814554591973,-0.006034876222490008,1676.2356995,1676.2356995,1150.400941,2202.070458
364,18200000,577,2.5659984201192856,28.301681838805475,-0.006300532734849184,1885.3291900000002,1885.3291900000002,1616.791294,2153.867086
365,18250000,577,2.5659984201192856,13.409359211598833,-0.0014416798186810335,2182.8726135,2182.8726135,2171.870808,2193.874419
366,18300000,577,2.5659984201192856,27.175302572051685,-0.005037183834974712,1227.5036839999998,1227.5036839999998,302.621527,2152.385841
367,18350000,577,2.5659984201192856,27.27782399604718,-0.005334626528148571,2177.8905185,2177.8905185,2172.04335,2183.737687
368,18400000,577,2.5659984201192856,26.680332149689395,-0.005819492042883212,1402.7246025000002,1402.7246025000002,592.865357,2212.583848
369,18450000,577,2.5659984201192856,15.12778751179576,-0.0047111412643213646,2197.351556,2197.351556,2184.919484,2209.783628
370,18500000,577,2.5659984201192856,28.197168419137597,-0.005190328272559933,2185.533564,2185.533564,2139.619695,2231.447433
371,18550000,577,2.5659984201192856,23.338815293709438,-0.003751889789824266,1973.41833,1973.41833,1762.750217,2184.086443
372,18600000,577,2.5659984201192856,35.04116048912207,-0.0045363266680396915,1707.902256,1707.902256,1202.996063,2212.808449
373,18650000,577,2.5659984201192856,22.64856662886838,-0.0062751861180231575,1922.315301,1922.315301,1640.143195,2204.487407
374,18700000,577,2.5659984201192856,18.62629870312909,-0.006786177158467884,2095.4101325,2095.4101325,1992.970377,2197.849888
375,18750000,577,2.5659984201192856,23.875762294232846,-0.005524050304795007,2211.2411125,2211.2411125,2208.567266,2213.914959
376,18800000,577,2.5659984201192856,25.24715779374043,-0.006035896920881593,1267.9991994999998,1267.9991994999998,362.552488,2173.445911
377,18850000,577,2.5659984201192856,53.933823904643454,-0.004538627377597019,1149.3883165,1149.3883165,90.767555,2208.009078
378,18900000,577,2.5659984201192856,68.11981104699274,-0.0048542288710905265,1142.475773,1142.475773,146.943491,2138.008055
379,18950000,577,2.5659984201192856,36.16851595789194,-0.004351348425673981,2189.829348,2189.829348,2178.764607,2200.894089
380,19000000,577,2.5659984201192856,22.35663040479024,-0.0035021617259947866,2216.6946915,2216.6946915,2213.551085,2219.838298
381,19050000,577,2.5659984201192856,35.06557687744498,-0.00573420280022674,2185.8379025,2185.8379025,2178.490566,2193.185239
382,19100000,577,2.5659984201192856,17.89713411728541,-0.004730738887459059,2212.654083,2212.654083,2211.388748,2213.919418
383,19150000,577,2.5659984201192856,18.036842840661606,-0.006009761654729573,2213.116062,2213.116062,2193.135569,2233.096555
384,19200000,577,2.5659984201192856,33.475298846140504,-0.0032087391981804104,2172.549344,2172.549344,2161.844551,2183.254137
385,19250000,577,2.5659984201192856,20.44300849760572,-0.004714951929353599,2206.3769085000004,2206.3769085000004,2200.300541,2212.453276
386,19300000,577,2.5659984201192856,29.321669294436774,-0.004869950501264005,2206.469509,2206.469509,2206.45973,2206.479288
387,19350000,577,2.5659984201192856,27.565781575689712,-0.0041876881310865125,2212.374771,2212.374771,2211.343141,2213.406401
388,19400000,577,2.5659984201192856,26.90086861103773,-0.0043302446224212565,2216.7377355,2216.7377355,2206.395954,2227.079517
389,19450000,577,2.5659984201192856,42.31943715810776,-0.004025685035198497,2187.7413324999998,2187.7413324999998,2184.652704,2190.829961
390,19500000,577,2.5659984201192856,37.07915126581987,-0.005108337007398708,2222.7138705,2222.7138705,2210.18427,2235.243471
391,19550000,577,2.5659984201192856,26.378059642513595,-0.004043094171417276,2214.4754585,2214.4754585,2213.483788,2215.467129
392,19600000,577,2.5659984201192856,24.92382882957657,-0.006775288306319756,2198.619676,2198.619676,2193.689294,2203.550058
393,19650000,577,2.5659984201192856,35.49256052710116,-0.006528722679043615,1541.722772,1541.722772,887.141451,2196.304093
394,19700000,577,2.5659984201192856,19.93447658283015,-0.005201591774412388,2216.6609420000004,2216.6609420000004,2182.002448,2251.319436
395,19750000,577,2.5659984201192856,36.143321828792494,-0.0035217188156669486,761.3750975,761.3750975,98.391957,1424.358238
396,19800000,577,2.5659984201192856,18.789869001011052,-0.0017347892829093325,2228.745967,2228.745967,2227.037706,2230.454228
397,19850000,577,2.5659984201192856,22.450735137487452,-0.00399144999434308,2212.813312,2212.813312,2194.663894,2230.96273
398,19900000,577,2.5659984201192856,15.216419583807388,-0.0034044376051800404,2215.20727,2215.20727,2198.222545,2232.191995
399,19950000,577,2.5659984201192856,40.82941252340873,-0.00584978641967003,2215.6147025,2215.6147025,2206.665585,2224.56382
400,20000000,578,2.5659984201192856,19.400642368445794,-0.005566276859435486,2227.0192695,2227.0192695,2224.059291,2229.979248
401,20050000,578,2.5659984201192856,18.7901326396813,-0.004679314994215626,2221.3470255,2221.3470255,2219.519393,2223.174658
402,20100000,578,2.5659984201192856,21.281817676251134,-0.004086896686218703,2220.8874985,2220.8874985,2211.994819,2229.780178
403,20150000,578,2.5659984201192856,34.518004686385396,-0.004246460186353337,2221.9888505,2221.9888505,2211.071312,2232.906389
404,20200000,578,2.5659984201192856,16.897005454823375,-0.004472283806186776,2208.807698,2208.807698,2207.982253,2209.633143
405,20250000,578,2.5659984201192856,17.20442497320473,-0.004555985790875639,2246.0881794999996,2246.0881794999996,2236.424025,2255.752334
406,20300000,578,2.5659984201192856,37.950202937920885,-0.005415914331645884,2236.9854215,2236.9854215,2220.401671,2253.569172
407,20350000,578,2.5659984201192856,27.271873615930478,-0.005353665136226482,1351.9204435000001,1351.9204435000001,468.212706,2235.628181
408,20400000,578,2.5659984201192856,30.231526516005395,-0.006104199004024243,2235.2422515,2235.2422515,2225.388075,2245.096428
409,20450000,578,2.5659984201192856,38.96948811126252,-0.004041888894562362,2241.7032715,2241.7032715,2229.065523,2254.34102
410,20500000,578,2.5659984201192856,46.457370505233605,-0.006303986673750235,1613.7351315,1613.7351315,972.997353,2254.47291
411,20550000,578,2.5659984201192856,61.63467867250244,-0.0044319411630870794,1278.5944515,1278.5944515,325.892431,2231.296472
412,20600000,578,2.5659984201192856,28.862424686799447,-0.004667261636374557,2243.1628975000003,2243.1628975000003,2240.057721,2246.268074
413,20650000,578,2.5659984201192856,26.622211818148692,-0.006163259853083977,1954.4235125,1954.4235125,1669.854417,2238.992608
414,20700000,578,2.5659984201192856,25.779084335888424,-0.0037775726168623198,2227.236876,2227.236876,2208.935712,2245.53804
415,20750000,578,2.5659984201192856,31.851734250287215,-0.003008256782487706,2222.9806085,2222.9806085,2220.018639,2225.942578
416,20800000,578,2.5659984201192856,21.39353761896491,-0.005811405876708402,2221.364113,2221.364113,2203.05238,2239.675846
417,20850000,578,2.5659984201192856,12.808219668641687,-0.004988590761204629,2244.861755,2244.861755,2236.663345,2253.060165
418,20900000,578,2.5659984201192856,18.378899074718355,-0.005975686427427717,2226.1228705000003,2226.1228705000003,2203.203899,2249.041842
419,20950000,578,2.5659984201192856,17.736544342090685,-0.001861123783481844,2235.2079725000003,2235.2079725000003,2224.760513,2245.655432
420,21000000,578,2.5659984201192856,1.8151203765844306,-0.004871411982837041,2242.48772,2242.48772,2233.276568,2251.698872
421,21050000,578,2.5659984201192856,16.207800388708712,-0.006727114074521978,2256.240292,2256.240292,2254.604501,2257.876083
422,21100000,578,2.5659984201192856,38.04100729425748,-0.005454003081202548,2242.683954,2242.683954,2233.702567,2251.665341
423,21150000,578,2.5659984201192856,27.616154337922733,-0.004464532681225819,2256.4604015,2256.4604015,2248.67202,2264.248783
424,21200000,578,2.5659984201192856,42.59873008752863,-0.004683297452174884,2242.8547445,2242.8547445,2227.699323,2258.010166
425,21250000,578,2.5659984201192856,31.353273576994738,-0.005638477815311186,2262.846552,2262.846552,2257.186029,2268.507075
426,21300000,578,2.5659984201192856,34.686235486964385,-0.005734598123688291,1981.45909,1981.45909,1725.353892,2237.564288
427,21350000,578,2.5659984201192856,33.32122917671998,-0.00589043028718758,2257.6253994999997,2257.6253994999997,2256.308207,2258.942592
428,21400000,578,2.5659984201192856,15.069421461659173,-0.004796804075431283,2264.222108,2264.222108,2261.074454,2267.369762
429,21450000,578,2.5659984201192856,42.555265166983006,-0.005652774342540094,2248.1792325,2248.1792325,2240.054869,2256.303596
430,21500000,578,2.5659984201192856,28.311913849661746,-0.006636255595215819,2273.83342,2273.83342,2270.530039,2277.136801
431,21550000,578,2.5659984201192856,36.13495331307252,-0.004994985128602517,1670.6325725000002,1670.6325725000002,1567.459163,1773.805982
432,21600000,578,2.5659984201192856,22.43785863680144,-0.005250352412777677,2285.634777,2285.634777,2267.048132,2304.221422
433,21650000,578,2.5659984201192856,36.23723810551067,-0.0054545395899216,2270.486678,2270.486678,2251.996128,2288.977228
434,21700000,578,2.5659984201192856,38.3107540294528,-0.006244452730152261,2269.396549,2269.396549,2248.138782,2290.654316
435,21750000,578,2.5659984201192856,35.965844401468836,-0.0025474946986131877,1578.38339,1578.38339,883.363069,2273.403711
436,21800000,578,2.5659984201192856,33.906771714240314,-0.005456220756957464,2264.0318264999996,2264.0318264999996,2258.6701,2269.393553
437,21850000,578,2.5659984201192856,78.53909291724364,-0.007194710620982884,2060.744608,2060.744608,1866.44316,2255.046056
438,21900000,578,2.5659984201192856,41.93346541797121,-0.004196722503737268,2284.747966,2284.747966,2275.261081,2294.234851
439,21950000,578,2.5659984201192856,39.26401694243153,-0.005784837793157749,2237.791744,2237.791744,2187.889775,2287.693713
440,22000000,578,2.5659984201192856,25.42691821344197,-0.004182435429500705,2292.17727,2292.17727,2275.85807,2308.49647
441,22050000,578,2.5659984201192856,33.16292477684716,-0.006253154107510758,2279.4224729999996,2279.4224729999996,2266.964928,2291.880018
442,22100000,578,2.5659984201192856,66.40298476964236,-0.006605620323777354,2270.4786679999997,2270.4786679999997,2270.015067,2270.942269
443,22150000,578,2.5659984201192856,34.148741422966125,-0.006615325601334613,2255.9562185000004,2255.9562185000004,2219.518926,2292.393511
444,22200000,578,2.5659984201192856,22.734538336346546,-0.004731490678508029,2279.3741695,2279.3741695,2251.078168,2307.670171
445,22250000,578,2.5659984201192856,42.92651439172526,-0.004473577540344801,1336.361142,1336.361142,409.257156,2263.465128
446,22300000,578,2.5659984201192856,38.77656580371161,-0.004562184184646867,2278.199068,2278.199068,2275.36022,2281.037916
447,22350000,578,2.5659984201192856,26.079824382066725,-0.00553537328304401,2287.9237775,2287.9237775,2286.048182,2289.799373
448,22400000,578,2.5659984201192856,17.669282091781497,-0.006534982310555885,2309.440946,2309.440946,2292.864218,2326.017674
449,22450000,578,2.5659984201192856,25.45911195377509,-0.004894780269654605,2277.1213245,2277.1213245,2265.111169,2289.13148
450,22500000,578,2.5659984201192856,11.769176509479681,-0.0032147051123123066,2315.7720529999997,2315.7720529999997,2314.564517,2316.979589
451,22550000,578,2.5659984201192856,46.24985442186395,-0.005061585865505928,1762.3495185000002,1762.3495185000002,1188.162643,2336.536394
452,22600000,578,2.5659984201192856,25.699616328130165,-0.0030203942802700112,1985.6378395,1985.6378395,1650.615143,2320.660536
453,22650000,578,2.5659984201192856,29.720015316084027,-0.0048925552420314485,2317.110047,2317.110047,2316.656357,2317.563737
454,22700000,578,2.5659984201192856,50.20112315316995,-0.003158605783717879,1703.1472485,1703.1472485,1063.461745,2342.832752
455,22750000,578,2.5659984201192856,55.09365398585796,-0.004297875412172895,2336.4785604999997,2336.4785604999997,2321.557062,2351.400059
456,22800000,578,2.5659984201192856,42.02903124565879,-0.005194505088434198,2172.662939,2172.662939,2062.950587,2282.375291
457,22850000,578,2.5659984201192856,46.16970311999321,-0.0061047147448680525,2320.4520899999998,2320.4520899999998,2297.673779,2343.230401
458,22900000,578,2.5659984201192856,43.48357336918513,-0.007140196511930696,2326.6014059999998,2326.6014059999998,2307.67168,2345.531132
459,22950000,578,2.5659984201192856,52.54767229954402,-0.007521826849900511,1580.2326495,1580.2326495,813.75363,2346.711669
460,23000000,578,2.5659984201192856,30.09442210023602,-0.003378447622283905,2330.84352,2330.84352,2307.773159,2353.913881
461,23050000,578,2.5659984201192856,19.701658675447106,-0.004761762676025683,2330.293848,2330.293848,2308.471444,2352.116252
462,23100000,578,2.5659984201192856,23.62742172429959,-0.004090584155498315,2317.6882705,2317.6882705,2313.675949,2321.700592
463,23150000,579,2.5659984201192856,43.35816590562463,-0.006142482116956671,2038.1321825,2038.1321825,1761.212328,2315.052037
464,23200000,579,2.5659984201192856,29.421540117512148,-0.003884820144730838,2347.0770835000003,2347.0770835000003,2341.395871,2352.758296
465,23250000,579,2.5659984201192856,30.831929828723272,-0.002902614303449506,2338.3529515,2338.3529515,2326.522807,2350.183096
466,23300000,579,2.5659984201192856,34.63490470821659,-0.002723735108550803,2333.213517,2333.213517,2331.66289,2334.764144
467,23350000,579,2.5659984201192856,53.4150671761483,-0.0047254504106452565,2340.582715,2340.582715,2320.69275,2360.47268
468,23400000,579,2.5659984201192856,31.98849511196216,-0.00653933571138623,2237.2098535,2237.2098535,2129.020423,2345.399284
469,23450000,579,2.5659984201192856,32.212371841073036,-0.005073344401368255,2325.330015,2325.330015,2322.803021,2327.857009
470,23500000,579,2.5659984201192856,29.90806643292308,-0.003382305533462689,2341.401883,2341.401883,2330.075751,2352.728015
471,23550000,579,2.5659984201192856,25.846070294330517,-0.004841825354560569,2332.642172,2332.642172,2327.030669,2338.253675
472,23600000,579,2.5659984201192856,42.25801390260458,-0.005660038487061077,2333.638264,2333.638264,2320.283949,2346.992579
473,23650000,579,2.5659984201192856,31.724626836925744,-0.007195880419120234,1268.667584,1268.667584,183.95564,2353.379528
474,23700000,579,2.5659984201192856,10.58431442293028,-0.0029901661245583947,2317.794698,2317.794698,2308.29865,2327.290746
475,23750000,579,2.5659984201192856,22.789873498181503,-0.004561653511571725,2321.0772925,2321.0772925,2319.5847,2322.569885
476,23800000,579,2.5659984201192856,21.769133275126418,-0.003988336912774078,2033.3214025000002,2033.3214025000002,1741.883834,2324.758971
477,23850000,579,2.5659984201192856,49.35143350996077,-0.005699662851740565,2333.5501434999996,2333.5501434999996,2323.710713,2343.389574
478,23900000,579,2.5659984201192856,24.487889455755553,-0.0035221394078538046,2326.1190765,2326.1190765,2308.004802,2344.233351
479,23950000,579,2.5659984201192856,21.561931331828237,-0.003782463381321577,2018.4228405,2018.4228405,1701.598131,2335.24755
480,24000000,579,2.5659984201192856,19.783131635809937,-0.0022827445462250276,1212.8774290000001,1212.8774290000001,43.962836,2381.792022
481,24050000,579,2.5659984201192856,18.550709305579463,-0.00624719603304887,2338.0045855,2338.0045855,2333.39823,2342.610941
482,24100000,579,2.5659984201192856,7.26736460501949,-0.005025700489325876,2328.5823165,2328.5823165,2313.18083,2343.983803
483,24150000,579,2.5659984201192856,30.992106500764688,-0.0037658513918273685,2349.8391475,2349.8391475,2348.977165,2350.70113
484,24200000,579,2.5659984201192856,16.71399395192663,-0.006180635603353342,2336.493274,2336.493274,2333.239229,2339.747319
485,24250000,579,2.5659984201192856,29.39823372637232,-0.0041414469675752725,2357.109832,2357.109832,2356.280671,2357.938993
486,24300000,579,2.5659984201192856,9.263984356696406,-0.002534133552247416,2323.353183,2323.353183,2298.052986,2348.65338
487,24350000,579,2.5659984201192856,14.749274862433474,-0.0019018737879491709,2336.838393,2336.838393,2308.501269,2365.175517
488,24400000,580,2.5659984201192856,34.336899463584025,-0.004574208400269223,1666.9775575,1666.9775575,985.076805,2348.87831
489,24450000,580,2.5659984201192856,27.199961539854606,-0.0068897518339933106,2053.369928,2053.369928,1777.067636,2329.67222
490,24500000,580,2.5659984201192856,32.33260512190561,-0.0045604842595442585,2357.171912,2357.171912,2350.373143,2363.970681
491,24550000,580,2.5659984201192856,21.99030155278742,-0.006296389726759107,2396.06214,2396.06214,2382.69005,2409.43423
492,24600000,580,2.5659984201192856,31.86710147174696,-0.004473483862178303,1206.7550405,1206.7550405,19.173946,2394.336135
493,24650000,580,2.5659984201192856,42.299313607811925,-0.0064778962526664445,1207.022776,1207.022776,39.670618,2374.374934
494,24700000,580,2.5659984201192856,16.187963227679333,-0.002602412888715359,2384.4888455,2384.4888455,2375.768541,2393.20915
495,24750000,580,2.5659984201192856,30.166064584751926,-0.005066933347673815,2180.9603635000003,2180.9603635000003,1981.425314,2380.495413
496,24800000,580,2.5659984201192856,30.666545456275344,-0.007755188343571718,2077.915096,2077.915096,1765.050689,2390.779503
497,24850000,580,2.5659984201192856,37.270872022459905,-0.005371337836678928,2381.4997224999997,2381.4997224999997,2369.294284,2393.705161
498,24900000,580,2.5659984201192856,21.80271554750701,-0.005290159087841554,2387.3463115,2387.3463115,2373.349756,2401.342867
499,24950000,580,2.5659984201192856,2.0735925027479727,-0.003124014937410872,2386.8726484999997,2386.8726484999997,2374.215543,2399.529754
500,25000000,580,2.5659984201192856,10.822505035623909,-0.004884467122731924,2389.223488,2389.223488,2386.992349,2391.454627
501,25050000,580,2.5659984201192856,64.74723898346225,-0.0057135051314010825,2383.0855730000003,2383.0855730000003,2375.58595,2390.585196
502,25100000,580,2.5659984201192856,29.71110600990554,-0.0021242983091459187,1214.7537865,1214.7537865,41.199397,2388.308176
503,25150000,580,2.5659984201192856,37.86802653620641,-0.005496153592611108,2398.272466,2398.272466,2386.597194,2409.947738
504,25200000,580,2.5659984201192856,32.7521254175653,-0.007605025474000134,2381.4226205,2381.4226205,2369.730103,2393.115138
505,25250000,580,2.5659984201192856,8.805767563730479,-0.003998877939181966,2401.1524025,2401.1524025,2384.247295,2418.05751
506,25300000,580,2.5659984201192856,17.691767117381097,-0.005400298343344426,2216.6381025,2216.6381025,2029.912374,2403.363831
507,25350000,580,2.5659984201192856,50.79636628975471,-0.005853258748720691,2408.4963585,2408.4963585,2399.405662,2417.587055
508,25400000,580,2.5659984201192856,56.33786677370469,-0.005194928009715719,1294.1215145,1294.1215145,159.178678,2429.064351
509,25450000,580,2.5659984201192856,50.54270710150401,-0.0033533132200924834,2414.2760405,2414.2760405,2407.85395,2420.698131
510,25500000,580,2.5659984201192856,34.12984657436609,-0.004655225825520877,2411.424064,2411.424064,2409.991492,2412.856636
511,25550000,580,2.5659984201192856,66.62389280547698,-0.0022238421654037664,2205.781727,2205.781727,1982.559518,2429.003936
512,25600000,580,2.5659984201192856,40.60748913250863,-0.006970118517650311,2432.2050639999998,2432.2050639999998,2431.883229,2432.526899
513,25650000,580,2.5659984201192856,22.197465936963756,-0.003944046855799381,1277.652278,1277.652278,136.797464,2418.507092
514,25700000,580,2.5659984201192856,49.74478421260913,-0.005100842730341052,2384.635475,2384.635475,2341.35719,2427.91376
515,25750000,580,2.5659984201192856,25.82370442574223,-0.005883131570468928,2430.4285965,2430.4285965,2429.235727,2431.621466
516,25800000,581,2.5659984201192856,77.51626255214214,-0.004748151409285128,2263.664616,2263.664616,2113.099617,2414.229615
517,25850000,581,2.5659984201192856,27.33527077163259,-0.0047219500135573375,2418.7725845,2418.7725845,2409.490755,2428.054414
518,25900000,581,2.5659984201192856,29.07045711974303,-0.005313204854428477,1371.4406359999998,1371.4406359999998,312.089455,2430.791817
519,25950000,581,2.5659984201192856,40.07719833130638,-0.005837884228619335,2413.1285145,2413.1285145,2407.823858,2418.433171
520,26000000,581,2.5659984201192856,66.12133621921141,-0.006456877058766016,2187.8028894999998,2187.8028894999998,1908.460026,2467.145753
521,26050000,581,2.5659984201192856,37.0410550331076,-0.00398084855654209,2431.9064905,2431.9064905,2429.886519,2433.926462
522,26100000,581,2.5659984201192856,29.503353122373422,-0.006500448176406811,2427.4493885,2427.4493885,2421.98679,2432.911987
523,26150000,581,2.5659984201192856,20.521151833732922,-0.00526688482872449,2433.620803,2433.620803,2422.967261,2444.274345
524,26200000,581,2.5659984201192856,36.13953634661933,-0.0037665132501994475,1417.8682475,1417.8682475,397.129365,2438.60713
525,26250000,581,2.5659984201192856,39.819537656009196,-0.005229239014897758,2442.5095705000003,2442.5095705000003,2442.496582,2442.522559
526,26300000,581,2.5659984201192856,19.69653570515414,-0.0031585139368568585,1981.351954,1981.351954,1514.968726,2447.735182
527,26350000,581,2.5659984201192856,27.7066237932692,-0.0025440526818025925,2430.098159,2430.098159,2418.734925,2441.461393
528,26400000,581,2.5659984201192856,56.97858298669259,-0.0038328984030613356,2430.054544,2430.054544,2421.580178,2438.52891
529,26450000,581,2.5659984201192856,76.00538739115,-0.002630456470592435,2435.9799279999997,2435.9799279999997,2435.379867,2436.579989
530,26500000,581,2.5659984201192856,56.2414567425847,-0.004452751775018745,1950.5850404999999,1950.5850404999999,1521.661588,2379.508493
531,26550000,581,2.5659984201192856,58.48489584277073,-0.005026448572440737,1471.8827705,1471.8827705,478.359402,2465.406139
532,26600000,581,2.5659984201192856,49.67792739905417,-0.005665527110735032,1381.493543,1381.493543,322.082217,2440.904869
533,26650000,581,2.5659984201192856,34.07027646042407,-0.005450607700974312,2147.6095755,2147.6095755,1883.588337,2411.630814
534,26700000,581,2.5659984201192856,26.053727904458842,-0.002079703597367673,2441.8859665,2441.8859665,2441.798971,2441.972962
535,26750000,581,2.5659984201192856,33.515210296213624,-0.0057183641954035615,2041.026541,2041.026541,1631.722823,2450.330259
536,26800000,581,2.5659984201192856,23.117593776683012,-0.00513490386885375,2421.4678165,2421.4678165,2398.526669,2444.408964
537,26850000,581,2.5659984201192856,33.8457744449377,-0.004673920396271569,1836.5693044999998,1836.5693044999998,1220.51,2452.628609
538,26900000,581,2.5659984201192856,30.993156818797193,-0.0033611068226415833,1375.4353325,1375.4353325,301.052181,2449.818484
539,26950000,581,2.5659984201192856,26.624675934140882,-0.00403774998217159,2446.4047229999996,2446.4047229999996,2443.48319,2449.326256
540,27000000,581,2.5659984201192856,31.201733190069596,-0.004608651598323377,2452.2587620000004,2452.2587620000004,2429.435836,2475.081688
541,27050000,581,2.5659984201192856,31.50434658055504,-0.0031501626663157367,2466.8874514999998,2466.8874514999998,2454.383999,2479.390904
542,27100000,581,2.5659984201192856,49.33847947493196,-0.0050723921430668876,1529.2844615,1529.2844615,574.968199,2483.600724
543,27150000,581,2.5659984201192856,15.986987190817793,-0.0024326793371528765,2451.605834,2451.605834,2445.838155,2457.373513
544,27200000,581,2.5659984201192856,40.084940996579824,-0.005618397709622513,1366.2817575,1366.2817575,300.776597,2431.786918
545,27250000,581,2.5659984201192856,35.385963836063944,-0.004359711262031852,1257.181165,1257.181165,40.276527,2474.085803
546,27300000,581,2.5659984201192856,49.016252817213534,-0.005989175877812158,637.965875,637.965875,228.203029,1047.728721
547,27350000,581,2.5659984201192856,37.62489234680931,-0.004665122955884726,2476.679174,2476.679174,2461.062768,2492.29558
548,27400000,581,2.5659984201192856,16.05441591118773,-0.004278171384673139,2457.7065465,2457.7065465,2454.298628,2461.114465
549,27450000,581,2.5659984201192856,70.3131225178639,-0.004718048357456913,2451.3248075,2451.3248075,2446.05588,2456.593735
550,27500000,581,2.5659984201192856,31.254371291647356,-0.0035552868930902076,2472.689677,2472.689677,2463.896003,2481.483351
551,27550000,581,2.5659984201192856,72.89978993187349,-0.0054955098573069945,1792.9093475,1792.9093475,1112.500656,2473.318039
552,27600000,581,2.5659984201192856,14.819761938850085,-0.004734856515832083,2475.6414269999996,2475.6414269999996,2461.374818,2489.908036
553,27650000,581,2.5659984201192856,21.68971728955706,-0.004257473668697761,2469.959393,2469.959393,2465.007784,2474.911002
554,27700000,581,2.5659984201192856,23.41946769716839,-0.004944465487187699,1525.9883425,1525.9883425,604.303624,2447.673061
555,27750000,581,2.5659984201192856,34.94805153235793,-0.004529006047793397,2470.5145125,2470.5145125,2454.58749,2486.441535
556,27800000,581,2.5659984201192856,20.364456065619986,-0.004531353063485236,2473.0614379999997,2473.0614379999997,2465.236961,2480.885915
557,27850000,581,2.5659984201192856,22.570036569237708,-0.005006953402768962,2483.048479,2483.048479,2476.794421,2489.302537
558,27900000,581,2.5659984201192856,33.79036842100322,-0.006028799357549511,2475.951382,2475.951382,2459.527705,2492.375059
559,27950000,581,2.5659984201192856,38.800536049654085,-0.0060119902262007,1281.946636,1281.946636,97.632204,2466.261068
560,28000000,581,2.5659984201192856,41.19899441078305,-0.004048030891393258,2491.68511,2491.68511,2483.981155,2499.389065
561,28050000,581,2.5659984201192856,13.024979822213451,-0.003379980934823834,2512.9145,2512.9145,2504.222768,2521.606232
562,28100000,581,2.5659984201192856,31.348251082003117,-0.0036488066834787485,2489.441995,2489.441995,2489.120871,2489.763119
563,28150000,581,2.5659984201192856,32.434762026617925,-0.00508786554952015,643.2486935,643.2486935,41.645298,1244.852089
564,28200000,581,2.5659984201192856,46.78117463017504,-0.005054797516121804,2508.8670389999997,2508.8670389999997,2507.638039,2510.096039
565,28250000,581,2.5659984201192856,38.25172241653005,-0.005235299972359068,1758.869584,1758.869584,1021.260204,2496.478964
566,28300000,581,2.5659984201192856,33.73960785555343,-0.006140561611891826,2472.4440125,2472.4440125,2462.996937,2481.891088
567,28350000,581,2.5659984201192856,22.838247341662644,-0.004601489593373268,2498.1539439999997,2498.1539439999997,2490.901016,2505.406872
568,28400000,581,2.5659984201192856,37.425837162385385,-0.006140447700666603,1320.658897,1320.658897,162.918812,2478.398982
569,28450000,581,2.5659984201192856,11.377442441383998,-0.003947848895556187,2490.6826204999998,2490.6826204999998,2476.669693,2504.695548
570,28500000,581,2.5659984201192856,51.525048261880876,-0.0038875629204994768,1624.159732,1624.159732,756.540825,2491.778639
571,28550000,581,2.5659984201192856,36.769536838183804,-0.005181695413534726,2478.17986,2478.17986,2470.960698,2485.399022
572,28600000,581,2.5659984201192856,32.13514902070165,-0.004370959308329247,2486.6893895000003,2486.6893895000003,2486.153205,2487.225574
573,28650000,581,2.5659984201192856,29.5701771641771,-0.005758926841406264,2482.6835469999996,2482.6835469999996,2462.987792,2502.379302
574,28700000,581,2.5659984201192856,15.259145257373651,-0.004526482758069506,1328.8997545,1328.8997545,146.890116,2510.909393
575,28750000,581,2.5659984201192856,39.426175591970484,-0.005607506224911655,2238.243326,2238.243326,1974.772953,2501.713699
576,28800000,581,2.5659984201192856,43.54600898896654,-0.006560756711390544,1247.381968,1247.381968,17.194399,2477.569537
577,28850000,581,2.5659984201192856,29.173886696373422,-0.0037431847303461534,1510.673464,1510.673464,479.985346,2541.361582
578,28900000,581,2.5659984201192856,25.298627007876835,-0.002699692116963585,2485.5433275,2485.5433275,2467.820099,2503.266556
579,28950000,581,2.5659984201192856,43.2734587388734,-0.004542065460164698,2501.2655,2501.2655,2497.822197,2504.708803
580,29000000,581,2.5659984201192856,42.83691976120075,-0.006888579356958265,2521.8527759999997,2521.8527759999997,2511.470041,2532.235511
581,29050000,581,2.5659984201192856,34.78715342581272,-0.004550261086899354,1698.9770935000001,1698.9770935000001,895.156464,2502.797723
582,29100000,581,2.5659984201192856,24.89994047358632,-0.004137343836729693,2502.371173,2502.371173,2501.629539,2503.112807
583,29150000,581,2.5659984201192856,10.9315254509449,-0.003566877391926937,2483.676643,2483.676643,2473.557428,2493.795858
584,29200000,581,2.5659984201192856,10.452588920543592,-0.0012133264392459135,2505.2475665,2505.2475665,2495.70842,2514.786713
585,29250000,581,2.5659984201192856,28.974246633301178,-0.005696558035666991,2497.5503655,2497.5503655,2489.693091,2505.40764
586,29300000,581,2.5659984201192856,22.916591288273533,-0.004521640989393442,2497.916481,2497.916481,2472.003961,2523.829001
587,29350000,581,2.5659984201192856,26.472955299789707,-0.006040699733618263,2482.1429275,2482.1429275,2455.267104,2509.018751
588,29400000,581,2.5659984201192856,3.3360955495387317,-0.0007582490979378538,2495.997124,2495.997124,2491.878601,2500.115647
589,29450000,581,2.5659984201192856,20.80516946899394,-0.005301017262233169,2506.3843375,2506.3843375,2483.863956,2528.904719
590,29500000,581,2.5659984201192856,32.13780350809296,-0.004457034211804966,2487.474686,2487.474686,2458.685414,2516.263958
591,29550000,581,2.5659984201192856,14.401508448645473,-0.005004217227663806,2507.588245,2507.588245,2493.883477,2521.293013
592,29600000,581,2.5659984201192856,39.18012015124162,-0.00369416461618736,1692.7228125000001,1692.7228125000001,871.00023,2514.445395
593,29650000,581,2.5659984201192856,35.374121542523305,-0.004272474756968829,2488.7039165,2488.7039165,2481.086749,2496.321084
594,29700000,581,2.5659984201192856,23.04783241028587,-0.005084693738088693,2528.3097655,2528.3097655,2513.781754,2542.837777
595,29750000,581,2.5659984201192856,33.952530742188294,-0.005459851700046177,2498.9133425,2498.9133425,2487.845369,2509.981316
596,29800000,581,2.5659984201192856,18.134373543038965,-0.004374429563562406,1363.882011,1363.882011,210.75855,2517.005472
597,29850000,581,2.5659984201192856,12.393834866707524,-0.004802204584802894,2483.12988,2483.12988,2452.405526,2513.854234
598,29900000,581,2.5659984201192856,27.87695205807686,-0.003453099331879154,2520.9432145,2520.9432145,2506.003287,2535.883142
599,29950000,581,2.5659984201192856,27.14776829406619,-0.003081402545687221,696.8057105,696.8057105,216.094976,1177.516445
600,30000000,581,2.5659984201192856,23.35705701460441,-0.004997971238443218,2506.7016654999998,2506.7016654999998,2494.457999,2518.945332
601,30050000,581,2.5659984201192856,25.15678549396495,-0.001235254059891607,2516.349498,2516.349498,2510.329028,2522.369968
602,30100000,581,2.5659984201192856,3.397749715670943,-0.003314608733474718,2530.3705124999997,2530.3705124999997,2519.295709,2541.445316
603,30150000,581,2.5659984201192856,57.22802289426327,-0.005567583915634108,2503.991435,2503.991435,2484.127956,2523.854914
604,30200000,581,2.5659984201192856,32.23774836870531,-0.0045757014931344505,2519.8628310000004,2519.8628310000004,2501.758381,2537.967281
605,30250000,581,2.5659984201192856,29.664636023094257,-0.004416356258843734,2493.5783165000003,2493.5783165000003,2482.487239,2504.669394
606,30300000,581,2.5659984201192856,33.88909578273694,-0.0025127251877468857,1615.0778775,1615.0778775,684.99148,2545.164275
607,30350000,581,2.5659984201192856,23.124232810735702,-0.00278424196280677,2477.7935645,2477.7935645,2460.728806,2494.858323
608,30400000,581,2.5659984201192856,24.76255157093207,-0.006158527432474633,2512.638787,2512.638787,2502.112018,2523.165556
609,30450000,581,2.5659984201192856,31.841465604056914,-0.006714764796894693,2517.735677,2517.735677,2513.343694,2522.12766
610,30500000,581,2.5659984201192856,22.992893252521753,-0.006676478482980504,2518.0110720000002,2518.0110720000002,2514.640528,2521.381616
611,30550000,581,2.5659984201192856,11.261869857211908,-0.004855950068698197,2527.8744905000003,2527.8744905000003,2523.356295,2532.392686
612,30600000,581,2.5659984201192856,42.78063587447007,-0.002310850413202085,2534.039843,2534.039843,2518.9204,2549.159286
613,30650000,581,2.5659984201192856,35.70804107536872,-0.006453087952589461,2019.6430805,2019.6430805,1521.99285,2517.293311
614,30700000,581,2.5659984201192856,14.066433336089055,-0.0038391197290820857,2495.8517965,2495.8517965,2486.07938,2505.624213
615,30750000,581,2.5659984201192856,32.13203102722764,-0.003838916506477593,2521.520781,2521.520781,2516.390099,2526.651463
616,30800000,581,2.5659984201192856,15.495128528773785,-0.0008281160043528264,2511.922428,2511.922428,2491.459238,2532.385618
617,30850000,581,2.5659984201192856,37.80381302336852,-0.002810889815161725,2527.47311,2527.47311,2514.009062,2540.937158
618,30900000,581,2.5659984201192856,46.77143426736196,-0.004322555286550293,2540.265518,2540.265518,2526.493873,2554.037163
619,30950000,582,2.5659984201192856,38.491196082532404,-0.0027741012087820613,2515.882587,2515.882587,2492.90878,2538.856394
620,31000000,582,2.5659984201192856,20.645302001883586,-0.004783629842161948,2551.6089009999996,2551.6089009999996,2539.560975,2563.656827
621,31050000,582,2.5659984201192856,61.478260633846126,-0.006516303394422115,2559.9914055,2559.9914055,2547.441194,2572.541617
622,31100000,582,2.5659984201192856,31.52879676943024,-0.004789506459343329,2544.987432,2544.987432,2534.294313,2555.680551
623,31150000,582,2.5659984201192856,47.3128063723445,-0.004435220247463197,1533.7534165,1533.7534165,517.811102,2549.695731
624,31200000,582,2.5659984201192856,45.72848434199889,-0.005742885020098735,1490.541631,1490.541631,437.672077,2543.411185
625,31250000,582,2.5659984201192856,29.671362465868395,-0.0004842658959811767,2523.59966,2523.59966,2522.085574,2525.113746
626,31300000,582,2.5659984201192856,20.397734761983155,-0.004430823797702032,2381.3782175,2381.3782175,2201.135951,2561.620484
627,31350000,582,2.5659984201192856,31.39886556863785,-0.0037995408905620327,2536.2894685,2536.2894685,2522.620295,2549.958642
628,31400000,582,2.5659984201192856,27.83998718286554,-0.0026666218086749184,2518.5766575,2518.5766575,2506.106409,2531.046906
629,31450000,582,2.5659984201192856,68.98565749973059,-0.0041870514416586955,2537.8785255000003,2537.8785255000003,2535.804813,2539.952238
630,31500000,582,2.5659984201192856,43.272116269171235,-0.005544768950009408,1697.8097619999999,1697.8097619999999,845.280421,2550.339103
631,31550000,582,2.5659984201192856,25.714217194666464,-0.0057396789302401885,1973.419578,1973.419578,1392.27758,2554.561576
632,31600000,582,2.5659984201192856,28.792949852595726,-0.006080952457311165,1355.859921,1355.859921,168.729029,2542.990813
633,31650000,582,2.5659984201192856,24.79602017328143,-0.004856984540219855,2533.6837910000004,2533.6837910000004,2531.198436,2536.169146
634,31700000,582,2.5659984201192856,23.88272926695645,-0.005140729390692892,2262.065581,2262.065581,1953.084006,2571.047156
635,31750000,582,2.5659984201192856,25.214364598567286,-0.0033242092366435826,2552.7856064999996,2552.7856064999996,2551.277087,2554.294126
636,31800000,581,2.5659984201192856,25.009601560483375,-0.005941008742532479,2522.879288,2522.879288,2508.870519,2536.888057
637,31850000,581,2.5659984201192856,46.95737790788213,-0.004796890686520783,2547.250752,2547.250752,2540.634831,2553.866673
638,31900000,581,2.5659984201192856,35.51850663498044,-0.004471714834471641,2560.803467,2560.803467,2554.348898,2567.258036
639,31950000,581,2.5659984201192856,24.162345533072948,-0.005113857312623319,2552.0887089999997,2552.0887089999997,2532.828227,2571.349191
640,32000000,581,2.5659984201192856,32.482578965773186,-0.006318710047950541,2564.4420255,2564.4420255,2557.965682,2570.918369
641,32050000,581,2.5659984201192856,31.277776144444942,-0.004221033218512579,2544.167316,2544.167316,2518.78281,2569.551822
642,32100000,581,2.5659984201192856,29.644796284039817,-0.0037661426052428243,2304.8623454999997,2304.8623454999997,2028.196771,2581.52792
643,32150000,581,2.5659984201192856,15.682652793327968,-0.003870085535072576,2547.2199165,2547.2199165,2536.802922,2557.636911
644,32200000,581,2.5659984201192856,13.844191321978967,-0.005348794895324241,2546.6844425,2546.6844425,2545.34874,2548.020145
645,32250000,581,2.5659984201192856,35.73298890516162,-0.0038282196086280845,2553.5720789999996,2553.5720789999996,2547.886968,2559.25719
646,32300000,581,2.5659984201192856,30.14896268174052,-0.00535067886530669,2576.572724,2576.572724,2567.568557,2585.576891
647,32350000,581,2.5659984201192856,26.34871688907345,-0.0051657783033382055,2566.929801,2566.929801,2565.419627,2568.439975
648,32400000,581,2.5659984201192856,49.578634946793315,-0.005030738943719371,2326.0073635,2326.0073635,2120.050655,2531.964072
649,32450000,581,2.5659984201192856,40.241514683142306,-0.0032505238834194946,2592.386411,2592.386411,2566.102097,2618.670725
650,32500000,581,2.5659984201192856,24.717127975821494,-0.00539739648717538,2601.9173250000003,2601.9173250000003,2590.20011,2613.63454
651,32550000,581,2.5659984201192856,63.19845569928487,-0.0034797639626124996,1901.8939890000001,1901.8939890000001,1240.271028,2563.51695
652,32600000,581,2.5659984201192856,53.51429785539707,-0.005671143328193769,2615.2705095,2615.2705095,2614.288652,2616.252367
653,32650000,581,2.5659984201192856,38.977363063395025,-0.005375119180272728,2601.5039054999997,2601.5039054999997,2600.852041,2602.15577
654,32700000,581,2.5659984201192856,26.405662486702205,-0.0010153891931448556,1415.8970610000001,1415.8970610000001,274.367301,2557.426821
655,32750000,581,2.5659984201192856,68.75083274096251,-0.0028004585533703144,2567.3013455,2567.3013455,2537.867166,2596.735525
656,32800000,581,2.5659984201192856,24.865536871304116,-0.002506804820253213,2573.928094,2573.928094,2568.137131,2579.719057
657,32850000,581,2.5659984201192856,29.347014403343202,-0.005347737751242221,2590.3529129999997,2590.3529129999997,2584.579788,2596.126038
658,32900000,581,2.5659984201192856,42.11165491516392,-0.004184200811378483,2575.48121,2575.48121,2563.012655,2587.949765
659,32950000,581,2.5659984201192856,47.57865064069629,-0.0028763240215198493,2562.9264905,2562.9264905,2558.56505,2567.287931
660,33000000,581,2.5659984201192856,39.6910407786568,-0.006226240536542112,2574.463301,2574.463301,2572.692389,2576.234213
661,33050000,581,2.5659984201192856,27.67512123013536,-0.0068575783835513,1817.4930005,1817.4930005,1068.386852,2566.599149
662,33100000,581,2.5659984201192856,25.195077107846735,-0.005082438444113298,2575.422517,2575.422517,2567.721032,2583.124002
663,33150000,581,2.5659984201192856,44.758332879841326,-0.004726616438059258,1727.8567815,1727.8567815,864.575014,2591.138549
664,33200000,581,2.5659984201192856,66.95340014944473,-0.004228685070620486,2606.3276535,2606.3276535,2602.249577,2610.40573
665,33250000,581,2.5659984201192856,62.84457786604762,-0.005299271692994504,1327.904288,1327.904288,74.761494,2581.047082
666,33300000,581,2.5659984201192856,31.115236158420643,-0.002682882990726891,2585.390611,2585.390611,2584.006109,2586.775113
667,33350000,581,2.5659984201192856,32.26697967822353,-0.00446089259527677,2578.421879,2578.421879,2570.262897,2586.580861
668,33400000,581,2.5659984201192856,45.594865654408935,-0.006260725897482189,1934.9851425000002,1934.9851425000002,1309.042773,2560.927512
669,33450000,581,2.5659984201192856,61.496629558751984,-0.005703435151637374,2157.5152454999998,2157.5152454999998,1725.106312,2589.924179
670,33500000,581,2.5659984201192856,19.346067052831252,-0.004933727998324381,1444.958171,1444.958171,316.010836,2573.905506
671,33550000,581,2.5659984201192856,35.652752879510324,-0.003937983055963438,1427.9079225,1427.9079225,269.368161,2586.447684
672,33600000,581,2.5659984201192856,26.65770331919193,-0.006154431742303738,2586.014865,2586.014865,2550.4624,2621.56733
673,33650000,581,2.5659984201192856,39.37085147748391,-0.0037275076814088,2595.580181,2595.580181,2590.281913,2600.878449
674,33700000,581,2.5659984201192856,12.374200484901667,-0.0038922936443365566,1608.038387,1608.038387,623.219463,2592.857311
675,33750000,581,2.5659984201192856,18.99828244075179,-0.00531693018186464,2576.864883,2576.864883,2564.924529,2588.805237
676,33800000,581,2.5659984201192856,34.83086439582209,-0.0008027198801376774,2573.5385575,2573.5385575,2564.09093,2582.986185
677,33850000,581,2.5659984201192856,61.28298684482773,-0.002966269532438067,2336.6326085,2336.6326085,2100.569789,2572.695428
678,33900000,581,2.5659984201192856,23.683865896364054,-0.003962639863313674,2585.0466135,2585.0466135,2584.865897,2585.22733
679,33950000,581,2.5659984201192856,17.46136955395341,-0.0018995986360598256,2583.80892,2583.80892,2569.299324,2598.318516
680,34000000,581,2.5659984201192856,45.203670967121916,-0.004626575745426938,1753.7054275,1753.7054275,915.962251,2591.448604
681,34050000,581,2.5659984201192856,43.09481740618745,-0.00441442925833447,1416.4863745,1416.4863745,219.759093,2613.213656
682,34100000,581,2.5659984201192856,14.40589963644743,-0.003244368825789934,2584.065848,2584.065848,2567.057139,2601.074557
683,34150000,581,2.5659984201192856,14.409134518106779,-0.006208367029527532,2585.7872225,2585.7872225,2571.828246,2599.746199
684,34200000,581,2.5659984201192856,38.32328807835778,-0.00600201377516593,2577.86432,2577.86432,2554.529276,2601.199364
685,34250000,581,2.5659984201192856,14.594620279719432,-0.00201742191474447,2583.98528,2583.98528,2573.66061,2594.30995
686,34300000,581,2.5659984201192856,2.067726393043995,-0.002710689402776249,2578.7731275,2578.7731275,2563.170368,2594.375887
687,34350000,581,2.5659984201192856,20.44844088219106,-0.004327933239255799,2604.000133,2604.000133,2597.2846,2610.715666
